<?xml version="1.0" encoding="UTF-8"?>
<beans xmlns="http://www.springframework.org/schema/beans"
	xmlns:xsi="http://www.w3.org/2001/XMLSchema-instance" xmlns:context="http://www.springframework.org/schema/context"
	xmlns:mvc="http://www.springframework.org/schema/mvc"
	xsi:schemaLocation="http://www.springframework.org/schema/beans
						http://www.springframework.org/schema/beans/spring-beans-3.0.xsd
						http://www.springframework.org/schema/context
						http://www.springframework.org/schema/context/spring-context-3.0.xsd
						http://www.springframework.org/schema/mvc
						http://www.springframework.org/schema/mvc/spring-mvc-3.0.xsd">
	
	

   <mvc:annotation-driven/>					  
<context:component-scan base-package="com.pack" />			
  
	<bean id="viewResolver"
		class="org.springframework.web.servlet.view.InternalResourceViewResolver">
		
		<property name="prefix">
			<value>/WEB-INF/pages/</value>
		</property>
		<property name="suffix">
			<value>.jsp</value>
		</property>
	</bean>
	
	<bean id="dataSource"
       class="org.springframework.jdbc.datasource.DriverManagerDataSource">
    <property name="driverClassName" value="com.mysql.jdbc.Driver"/>
    <property name="url" value="jdbc:mysql://localhost:3306/dbpizza"/>
    <property name="username" value="root"/>
    <property name="password" value="Saibaba@2110"/>
<!--      <property name="connection.pool_size" value="1"/>
    <property name="show_sql" value="true"/>
 -->  </bean> 




<bean id="sessionFactory" 
	  class="org.springframework.orm.hibernate3.annotation.AnnotationSessionFactoryBean">
<property name="dataSource" ref="dataSource"/>
<property name="packagesToScan" value="com.pack.model"/>
<property name="hibernateProperties">
<value>org.hibernate.dialect.MySQL5Dialect</value>
</property>
 
 
</bean>

<bean name="pizzaDao"  class="com.pack.dao.PizzaOrderDAO" />
<bean name="pizzaService"  class="com.pack.service.PizzaOrderService" />
</beans>